precision,recall,f1-score,support
0.6708333333333333,1.0,0.8029925187032418,161.0
0.0,0.0,0.0,79.0
0.6708333333333333,0.6708333333333333,0.6708333333333333,0.6708333333333333
0.33541666666666664,0.5,0.4014962593516209,240.0
0.45001736111111107,0.6708333333333333,0.5386741479634247,240.0
