precision,recall,f1-score,support
0.8518518518518519,0.7419354838709677,0.7931034482758621,62.0
0.38461538461538464,0.5555555555555556,0.4545454545454546,18.0
0.7,0.7,0.7,0.7
0.6182336182336182,0.6487455197132617,0.6238244514106583,80.0
0.7467236467236468,0.7,0.7169278996865204,80.0
